,Date,Time ,Humidity,Voltage,Temperature,Pot,Experiment
0,16/02,Morning,WET,2.22,19,0,0
1,16/02,Morning,WET,2.39,19,0,0
2,16/02,Morning,WET,2.55,19,0,0
3,16/02,Morning,WET,2.76,19,0,0
4,16/02,Morning,WET,3.13,19,0,0
5,16/02,Night,DRY,1.33,21,0,0
6,16/02,Night,DRY,1.53,21,0,0
7,16/02,Night,DRY,1.76,21,0,0
8,16/02,Night,DRY,1.56,21,0,0
9,16/02,Night,DRY,1.36,21,0,0
10,17/02,Morning,DRY +,0.12,20,0,0
11,17/02,Morning,DRY +,0.12,20,0,0
12,17/02,Morning,DRY +,0.12,20,0,0
13,17/02,Morning,DRY +,0.19,20,0,0
14,17/02,Morning,DRY +,0.24,20,0,0
15,17/02,Night,DRY +,0.05,22,0,0
16,17/02,Night,DRY +,0.04,22,0,0
17,17/02,Night,DRY +,0.01,22,0,0
18,17/02,Night,DRY +,0.04,22,0,0
19,17/02,Night,DRY +,0.03,22,0,0
20,18/02,Morning,DRY +,0.02,20,0,0
21,18/02,Morning,DRY +,0.03,20,0,0
22,18/02,Morning,DRY +,0.06,20,0,0
23,18/02,Morning,DRY +,0.01,20,0,0
24,18/02,Morning,DRY +,0.03,20,0,0
25,18/02,Night,DRY +,0.05,22,0,0
26,18/02,Night,DRY +,0.04,22,0,0
27,18/02,Night,DRY +,0.02,22,0,0
28,18/02,Night,DRY +,0.01,22,0,0
29,18/02,Night,DRY +,0.02,22,0,0
30,19/02,Morning,WET,1,20,0,0
31,19/02,Morning,WET,0.66,20,0,0
32,19/02,Morning,WET,0.67,20,0,0
33,19/02,Morning,WET,0.66,20,0,0
34,19/02,Morning,WET,0.93,20,0,0
35,19/02,Night,NOR,1.49,21,0,0
36,19/02,Night,NOR,1.44,21,0,0
37,19/02,Night,NOR,0.82,21,0,0
38,19/02,Night,NOR,0.68,21,0,0
39,19/02,Night,NOR,0.84,21,0,0
40,20/02,Morning,DRY,0.67,20,0,0
41,20/02,Morning,DRY,0.65,20,0,0
42,20/02,Morning,DRY,0.42,20,0,0
43,20/02,Morning,DRY,0.58,20,0,0
44,20/02,Morning,DRY,0.88,20,0,0
45,20/02,Night,DRY +,0.05,20,0,0
46,20/02,Night,DRY +,0.03,20,0,0
47,20/02,Night,DRY +,0.08,20,0,0
48,20/02,Night,DRY +,0.1,20,0,0
49,20/02,Night,DRY +,0.09,20,0,0
50,21/02,Morning,DRY +,0.03,20,0,0
51,21/02,Morning,DRY +,0.02,20,0,0
52,21/02,Morning,DRY +,0.02,20,0,0
53,21/02,Morning,DRY +,0.05,20,0,0
54,21/02,Morning,DRY +,0.03,20,0,0
55,21/02,Night,DRY +,0.02,22,0,0
56,21/02,Night,DRY +,0,22,0,0
57,21/02,Night,DRY +,0,22,0,0
58,21/02,Night,DRY +,0,22,0,0
59,21/02,Night,DRY +,0,22,0,0
60,22/02,Morning,WET +,0.26,19,0,0
61,22/02,Morning,WET +,0.35,19,0,0
62,22/02,Morning,WET +,0.44,19,0,0
63,22/02,Morning,WET +,0.46,19,0,0
64,22/02,Morning,WET +,0.47,19,0,0
65,22/02,Night,WET,0.12,20,0,0
66,22/02,Night,WET,0.21,20,0,0
67,22/02,Night,WET,0.17,20,0,0
68,22/02,Night,WET,0.15,20,0,0
69,22/02,Night,WET,0.1,20,0,0
70,23/02,Morning,NOR,0.17,20,0,0
71,23/02,Morning,NOR,0.12,20,0,0
72,23/02,Morning,NOR,0.12,20,0,0
73,23/02,Morning,NOR,0.15,20,0,0
74,23/02,Morning,NOR,0.14,20,0,0
75,23/02,Night,DRY +,0.01,22,0,0
76,23/02,Night,DRY +,0.04,22,0,0
77,23/02,Night,DRY +,0.04,22,0,0
78,23/02,Night,DRY +,0.04,22,0,0
79,23/02,Night,DRY +,0.03,22,0,0
80,24/02,Morning,DRY +,0.05,20,0,0
81,24/02,Morning,DRY +,0,20,0,0
82,24/02,Morning,DRY +,0.02,20,0,0
83,24/02,Morning,DRY +,0.01,20,0,0
84,24/02,Morning,DRY +,0.02,20,0,0
85,24/02,Night,DRY +,0.01,21,0,0
86,24/02,Night,DRY +,0.07,21,0,0
87,24/02,Night,DRY +,0.03,21,0,0
88,24/02,Night,DRY +,0.02,21,0,0
89,24/02,Night,DRY +,0.01,21,0,0
90,25/02,Morning,WET +,0.59,19,0,0
91,25/02,Morning,WET +,0.48,19,0,0
92,25/02,Morning,WET +,0.33,19,0,0
93,25/02,Morning,WET +,0.6,19,0,0
94,25/02,Morning,WET +,0.43,19,0,0
95,16/02,Morning,WET,0.75,19,1,0
96,16/02,Morning,WET,0.81,19,1,0
97,16/02,Morning,WET,0.84,19,1,0
98,16/02,Morning,WET,0.63,19,1,0
99,16/02,Morning,WET,1.13,19,1,0
100,16/02,Night,DRY,0.03,21,1,0
101,16/02,Night,DRY,0.02,21,1,0
102,16/02,Night,DRY,0.03,21,1,0
103,16/02,Night,DRY,0.01,21,1,0
104,16/02,Night,DRY,0.02,21,1,0
105,17/02,Morning,DRY +,0,20,1,0
106,17/02,Morning,DRY +,0.1,20,1,0
107,17/02,Morning,DRY +,0.01,20,1,0
108,17/02,Morning,DRY +,0.01,20,1,0
109,17/02,Morning,DRY +,0.01,20,1,0
110,17/02,Night,DRY +,0.01,22,1,0
111,17/02,Night,DRY +,0.01,22,1,0
112,17/02,Night,DRY +,0.01,22,1,0
113,17/02,Night,DRY +,0.01,22,1,0
114,17/02,Night,DRY +,0.01,22,1,0
115,18/02,Morning,DRY +,0.12,20,1,0
116,18/02,Morning,DRY +,0.12,20,1,0
117,18/02,Morning,DRY +,0.18,20,1,0
118,18/02,Morning,DRY +,0.01,20,1,0
119,18/02,Morning,DRY +,0.03,20,1,0
120,18/02,Night,DRY +,0.05,22,1,0
121,18/02,Night,DRY +,0.08,22,1,0
122,18/02,Night,DRY +,0.02,22,1,0
123,18/02,Night,DRY +,0.02,22,1,0
124,18/02,Night,DRY +,0.1,22,1,0
125,19/02,Morning,WET,0.69,20,1,0
126,19/02,Morning,WET,0.65,20,1,0
127,19/02,Morning,WET,0.83,20,1,0
128,19/02,Morning,WET,0.84,20,1,0
129,19/02,Morning,WET,1.13,20,1,0
130,19/02,Night,NOR,1.74,21,1,0
131,19/02,Night,NOR,0.85,21,1,0
132,19/02,Night,NOR,0.79,21,1,0
133,19/02,Night,NOR,0.85,21,1,0
134,19/02,Night,NOR,1.02,21,1,0
135,20/02,Morning,DRY,0.35,20,1,0
136,20/02,Morning,DRY,0.36,20,1,0
137,20/02,Morning,DRY,0.4,20,1,0
138,20/02,Morning,DRY,0.26,20,1,0
139,20/02,Morning,DRY,0.27,20,1,0
140,20/02,Night,DRY +,0.05,20,1,0
141,20/02,Night,DRY +,0.04,20,1,0
142,20/02,Night,DRY +,0.05,20,1,0
143,20/02,Night,DRY +,0.05,20,1,0
144,20/02,Night,DRY +,0.05,20,1,0
145,21/02,Morning,DRY +,0,20,1,0
146,21/02,Morning,DRY +,0,20,1,0
147,21/02,Morning,DRY +,0,20,1,0
148,21/02,Morning,DRY +,0,20,1,0
149,21/02,Morning,DRY +,0,20,1,0
150,21/02,Night,DRY +,0.01,22,1,0
151,21/02,Night,DRY +,0.01,22,1,0
152,21/02,Night,DRY +,0.01,22,1,0
153,21/02,Night,DRY +,0.01,22,1,0
154,21/02,Night,DRY +,0.01,22,1,0
155,22/02,Morning,WET +,0.49,19,1,0
156,22/02,Morning,WET +,1.16,19,1,0
157,22/02,Morning,WET +,1.07,19,1,0
158,22/02,Morning,WET +,1.04,19,1,0
159,22/02,Morning,WET +,0.97,19,1,0
160,22/02,Night,WET,0.61,20,1,0
161,22/02,Night,WET,0.72,20,1,0
162,22/02,Night,WET,0.7,20,1,0
163,22/02,Night,WET,0.71,20,1,0
164,22/02,Night,WET,0.75,20,1,0
165,23/02,Morning,NOR,0.35,20,1,0
166,23/02,Morning,NOR,0.38,20,1,0
167,23/02,Morning,NOR,0.41,20,1,0
168,23/02,Morning,NOR,0.44,20,1,0
169,23/02,Morning,NOR,0.43,20,1,0
170,23/02,Night,DRY +,0.06,22,1,0
171,23/02,Night,DRY +,0.05,22,1,0
172,23/02,Night,DRY +,0.04,22,1,0
173,23/02,Night,DRY +,0.04,22,1,0
174,23/02,Night,DRY +,0.03,22,1,0
175,24/02,Morning,DRY +,0.01,20,1,0
176,24/02,Morning,DRY +,0.02,20,1,0
177,24/02,Morning,DRY +,0.02,20,1,0
178,24/02,Morning,DRY +,0.01,20,1,0
179,24/02,Morning,DRY +,0.02,20,1,0
180,24/02,Night,DRY +,0.01,21,1,0
181,24/02,Night,DRY +,0,21,1,0
182,24/02,Night,DRY +,0.03,21,1,0
183,24/02,Night,DRY +,0.03,21,1,0
184,24/02,Night,DRY +,0.02,21,1,0
185,25/02,Morning,WET +,0.84,19,1,0
186,25/02,Morning,WET +,0.82,19,1,0
187,25/02,Morning,WET +,0.83,19,1,0
188,25/02,Morning,WET +,0.69,19,1,0
189,25/02,Morning,WET +,0.69,19,1,0
190,16/02,Morning,WET,0.69,19,2,0
191,16/02,Morning,WET,0.65,19,2,0
192,16/02,Morning,WET,0.83,19,2,0
193,16/02,Morning,WET,0.84,19,2,0
194,16/02,Morning,WET,1.13,19,2,0
195,16/02,Night,DRY,0.01,21,2,0
196,16/02,Night,DRY,0.85,21,2,0
197,16/02,Night,DRY,0.79,21,2,0
198,16/02,Night,DRY,0.85,21,2,0
199,16/02,Night,DRY,1.02,21,2,0
200,17/02,Morning,DRY +,0,20,2,0
201,17/02,Morning,DRY +,0,20,2,0
202,17/02,Morning,DRY +,0,20,2,0
203,17/02,Morning,DRY +,0,20,2,0
204,17/02,Morning,DRY +,0,20,2,0
205,17/02,Night,DRY +,0.01,22,2,0
206,17/02,Night,DRY +,0.01,22,2,0
207,17/02,Night,DRY +,0.01,22,2,0
208,17/02,Night,DRY +,0.01,22,2,0
209,17/02,Night,DRY +,0.01,22,2,0
210,18/02,Morning,DRY +,0.01,20,2,0
211,18/02,Morning,DRY +,0.01,20,2,0
212,18/02,Morning,DRY +,0.02,20,2,0
213,18/02,Morning,DRY +,0.02,20,2,0
214,18/02,Morning,DRY +,0.02,20,2,0
215,18/02,Night,DRY +,0.03,22,2,0
216,18/02,Night,DRY +,0.02,22,2,0
217,18/02,Night,DRY +,0.04,22,2,0
218,18/02,Night,DRY +,0.03,22,2,0
219,18/02,Night,DRY +,0.01,22,2,0
220,19/02,Morning,WET,0.67,20,2,0
221,19/02,Morning,WET,0.53,20,2,0
222,19/02,Morning,WET,0.43,20,2,0
223,19/02,Morning,WET,0.63,20,2,0
224,19/02,Morning,WET,0.86,20,2,0
225,19/02,Night,NOR,0.38,21,2,0
226,19/02,Night,NOR,0.22,21,2,0
227,19/02,Night,NOR,0.3,21,2,0
228,19/02,Night,NOR,0.31,21,2,0
229,19/02,Night,NOR,0.32,21,2,0
230,20/02,Morning,DRY,0.79,20,2,0
231,20/02,Morning,DRY,0.78,20,2,0
232,20/02,Morning,DRY,1.07,20,2,0
233,20/02,Morning,DRY,1.09,20,2,0
234,20/02,Morning,DRY,1.1,20,2,0
235,20/02,Night,DRY +,0.18,20,2,0
236,20/02,Night,DRY +,0.23,20,2,0
237,20/02,Night,DRY +,0.24,20,2,0
238,20/02,Night,DRY +,0.25,20,2,0
239,20/02,Night,DRY +,0.31,20,2,0
240,21/02,Morning,DRY +,0,20,2,0
241,21/02,Morning,DRY +,0.01,20,2,0
242,21/02,Morning,DRY +,0.01,20,2,0
243,21/02,Morning,DRY +,0.01,20,2,0
244,21/02,Morning,DRY +,0.01,20,2,0
245,21/02,Night,DRY +,0,22,2,0
246,21/02,Night,DRY +,0,22,2,0
247,21/02,Night,DRY +,0.01,22,2,0
248,21/02,Night,DRY +,0.01,22,2,0
249,21/02,Night,DRY +,0,22,2,0
250,22/02,Morning,WET +,1.63,19,2,0
251,22/02,Morning,WET +,1.44,19,2,0
252,22/02,Morning,WET +,1.54,19,2,0
253,22/02,Morning,WET +,1.27,19,2,0
254,22/02,Morning,WET +,1.39,19,2,0
255,22/02,Night,WET,0.94,20,2,0
256,22/02,Night,WET,0.9,20,2,0
257,22/02,Night,WET,0.86,20,2,0
258,22/02,Night,WET,0.84,20,2,0
259,22/02,Night,WET,0.78,20,2,0
260,23/02,Morning,NOR,0.6,20,2,0
261,23/02,Morning,NOR,0.31,20,2,0
262,23/02,Morning,NOR,0.45,20,2,0
263,23/02,Morning,NOR,0.21,20,2,0
264,23/02,Morning,NOR,0.34,20,2,0
265,23/02,Night,DRY +,0.08,22,2,0
266,23/02,Night,DRY +,0.07,22,2,0
267,23/02,Night,DRY +,0.08,22,2,0
268,23/02,Night,DRY +,0.09,22,2,0
269,23/02,Night,DRY +,0.08,22,2,0
270,24/02,Morning,DRY +,0.02,20,2,0
271,24/02,Morning,DRY +,0.01,20,2,0
272,24/02,Morning,DRY +,0.02,20,2,0
273,24/02,Morning,DRY +,0.01,20,2,0
274,24/02,Morning,DRY +,0.01,20,2,0
275,24/02,Night,DRY +,0.05,21,2,0
276,24/02,Night,DRY +,0.11,21,2,0
277,24/02,Night,DRY +,0.04,21,2,0
278,24/02,Night,DRY +,0,21,2,0
279,24/02,Night,DRY +,0,21,2,0
280,25/02,Morning,WET +,0.7,19,2,0
281,25/02,Morning,WET +,0.67,19,2,0
282,25/02,Morning,WET +,0.59,19,2,0
283,25/02,Morning,WET +,0.66,19,2,0
284,25/02,Morning,WET +,0.6,19,2,0
285,16/02,Morning,WET,0.63,19,3,0
286,16/02,Morning,WET,0.85,19,3,0
287,16/02,Morning,WET,0.6,19,3,0
288,16/02,Morning,WET,0.85,19,3,0
289,16/02,Morning,WET,0.6,19,3,0
290,16/02,Night,DRY,0.03,21,3,0
291,16/02,Night,DRY,0.02,21,3,0
292,16/02,Night,DRY,0.03,21,3,0
293,16/02,Night,DRY,0.04,21,3,0
294,16/02,Night,DRY,0.04,21,3,0
295,17/02,Morning,DRY +,0.01,20,3,0
296,17/02,Morning,DRY +,0.01,20,3,0
297,17/02,Morning,DRY +,0.02,20,3,0
298,17/02,Morning,DRY +,0,20,3,0
299,17/02,Morning,DRY +,0.01,20,3,0
300,17/02,Night,DRY +,0.01,22,3,0
301,17/02,Night,DRY +,0.01,22,3,0
302,17/02,Night,DRY +,0.01,22,3,0
303,17/02,Night,DRY +,0.01,22,3,0
304,17/02,Night,DRY +,0.01,22,3,0
305,18/02,Morning,DRY +,0.01,20,3,0
306,18/02,Morning,DRY +,0.03,20,3,0
307,18/02,Morning,DRY +,0.03,20,3,0
308,18/02,Morning,DRY +,0.03,20,3,0
309,18/02,Morning,DRY +,0.05,20,3,0
310,18/02,Night,DRY +,0.01,22,3,0
311,18/02,Night,DRY +,0.03,22,3,0
312,18/02,Night,DRY +,0.01,22,3,0
313,18/02,Night,DRY +,0.01,22,3,0
314,18/02,Night,DRY +,0.04,22,3,0
315,19/02,Morning,WET,0.63,20,3,0
316,19/02,Morning,WET,0.58,20,3,0
317,19/02,Morning,WET,0.72,20,3,0
318,19/02,Morning,WET,0.63,20,3,0
319,19/02,Morning,WET,0.88,20,3,0
320,19/02,Night,NOR,0.31,21,3,0
321,19/02,Night,NOR,0.26,21,3,0
322,19/02,Night,NOR,0.3,21,3,0
323,19/02,Night,NOR,0.26,21,3,0
324,19/02,Night,NOR,0.26,21,3,0
325,20/02,Morning,DRY,0.12,20,3,0
326,20/02,Morning,DRY,0.14,20,3,0
327,20/02,Morning,DRY,0.15,20,3,0
328,20/02,Morning,DRY,0.07,20,3,0
329,20/02,Morning,DRY,0.14,20,3,0
330,20/02,Night,DRY +,0.05,20,3,0
331,20/02,Night,DRY +,0.07,20,3,0
332,20/02,Night,DRY +,0.1,20,3,0
333,20/02,Night,DRY +,0.05,20,3,0
334,20/02,Night,DRY +,0.08,20,3,0
335,21/02,Morning,DRY +,0.01,20,3,0
336,21/02,Morning,DRY +,0.05,20,3,0
337,21/02,Morning,DRY +,0.04,20,3,0
338,21/02,Morning,DRY +,0.05,20,3,0
339,21/02,Morning,DRY +,0.04,20,3,0
340,21/02,Night,DRY +,0,22,3,0
341,21/02,Night,DRY +,0,22,3,0
342,21/02,Night,DRY +,0,22,3,0
343,21/02,Night,DRY +,0,22,3,0
344,21/02,Night,DRY +,0,22,3,0
345,22/02,Morning,WET +,1.78,19,3,0
346,22/02,Morning,WET +,1.75,19,3,0
347,22/02,Morning,WET +,1.82,19,3,0
348,22/02,Morning,WET +,1.86,19,3,0
349,22/02,Morning,WET +,1.95,19,3,0
350,22/02,Night,WET,0.8,20,3,0
351,22/02,Night,WET,1.54,20,3,0
352,22/02,Night,WET,1.33,20,3,0
353,22/02,Night,WET,1.34,20,3,0
354,22/02,Night,WET,1.42,20,3,0
355,23/02,Morning,NOR,0.88,20,3,0
356,23/02,Morning,NOR,0.76,20,3,0
357,23/02,Morning,NOR,0.72,20,3,0
358,23/02,Morning,NOR,0.68,20,3,0
359,23/02,Morning,NOR,0.52,20,3,0
360,23/02,Night,DRY +,0.09,22,3,0
361,23/02,Night,DRY +,0.15,22,3,0
362,23/02,Night,DRY +,0.05,22,3,0
363,23/02,Night,DRY +,0.14,22,3,0
364,23/02,Night,DRY +,0.15,22,3,0
365,24/02,Morning,DRY +,0.06,20,3,0
366,24/02,Morning,DRY +,0.08,20,3,0
367,24/02,Morning,DRY +,0.08,20,3,0
368,24/02,Morning,DRY +,0.05,20,3,0
369,24/02,Morning,DRY +,0.07,20,3,0
370,24/02,Night,DRY +,0.01,21,3,0
371,24/02,Night,DRY +,0.02,21,3,0
372,24/02,Night,DRY +,0.02,21,3,0
373,24/02,Night,DRY +,0.02,21,3,0
374,24/02,Night,DRY +,0.01,21,3,0
375,25/02,Morning,WET +,0.33,19,3,0
376,25/02,Morning,WET +,0.35,19,3,0
377,25/02,Morning,WET +,0.35,19,3,0
378,25/02,Morning,WET +,0.39,19,3,0
379,25/02,Morning,WET +,0.41,19,3,0
380,16/02,Morning,WET,0.8,19,4,0
381,16/02,Morning,WET,0.45,19,4,0
382,16/02,Morning,WET,0.8,19,4,0
383,16/02,Morning,WET,0.58,19,4,0
384,16/02,Morning,WET,0.6,19,4,0
385,16/02,Night,DRY,0.06,21,4,0
386,16/02,Night,DRY,0.07,21,4,0
387,16/02,Night,DRY,0.06,21,4,0
388,16/02,Night,DRY,0.06,21,4,0
389,16/02,Night,DRY,0.07,21,4,0
390,17/02,Morning,DRY +,0.01,20,4,0
391,17/02,Morning,DRY +,0.01,20,4,0
392,17/02,Morning,DRY +,0.01,20,4,0
393,17/02,Morning,DRY +,0.02,20,4,0
394,17/02,Morning,DRY +,0.01,20,4,0
395,17/02,Night,DRY +,0.01,22,4,0
396,17/02,Night,DRY +,0.01,22,4,0
397,17/02,Night,DRY +,0.01,22,4,0
398,17/02,Night,DRY +,0.01,22,4,0
399,17/02,Night,DRY +,0.01,22,4,0
400,18/02,Morning,DRY +,0.01,20,4,0
401,18/02,Morning,DRY +,0.01,20,4,0
402,18/02,Morning,DRY +,0.02,20,4,0
403,18/02,Morning,DRY +,0.02,20,4,0
404,18/02,Morning,DRY +,0.02,20,4,0
405,18/02,Night,DRY +,0.03,22,4,0
406,18/02,Night,DRY +,0.01,22,4,0
407,18/02,Night,DRY +,0.01,22,4,0
408,18/02,Night,DRY +,0.01,22,4,0
409,18/02,Night,DRY +,0.01,22,4,0
410,19/02,Morning,WET,0.56,20,4,0
411,19/02,Morning,WET,0.51,20,4,0
412,19/02,Morning,WET,0.57,20,4,0
413,19/02,Morning,WET,0.55,20,4,0
414,19/02,Morning,WET,0.51,20,4,0
415,19/02,Night,NOR,0.85,21,4,0
416,19/02,Night,NOR,0.53,21,4,0
417,19/02,Night,NOR,0.77,21,4,0
418,19/02,Night,NOR,0.9,21,4,0
419,19/02,Night,NOR,0.8,21,4,0
420,20/02,Morning,DRY,0.28,20,4,0
421,20/02,Morning,DRY,0.22,20,4,0
422,20/02,Morning,DRY,0.34,20,4,0
423,20/02,Morning,DRY,0.3,20,4,0
424,20/02,Morning,DRY,0.31,20,4,0
425,20/02,Night,DRY +,0.03,20,4,0
426,20/02,Night,DRY +,0.05,20,4,0
427,20/02,Night,DRY +,0.06,20,4,0
428,20/02,Night,DRY +,0.04,20,4,0
429,20/02,Night,DRY +,0.03,20,4,0
430,21/02,Morning,DRY +,0.01,20,4,0
431,21/02,Morning,DRY +,0.01,20,4,0
432,21/02,Morning,DRY +,0.01,20,4,0
433,21/02,Morning,DRY +,0.01,20,4,0
434,21/02,Morning,DRY +,0.01,20,4,0
435,21/02,Night,DRY +,0.01,22,4,0
436,21/02,Night,DRY +,0.04,22,4,0
437,21/02,Night,DRY +,0.03,22,4,0
438,21/02,Night,DRY +,0.01,22,4,0
439,21/02,Night,DRY +,0.03,22,4,0
440,22/02,Morning,WET +,0.99,19,4,0
441,22/02,Morning,WET +,1.41,19,4,0
442,22/02,Morning,WET +,1.36,19,4,0
443,22/02,Morning,WET +,1.25,19,4,0
444,22/02,Morning,WET +,1.84,19,4,0
445,22/02,Night,WET,0.48,20,4,0
446,22/02,Night,WET,0.4,20,4,0
447,22/02,Night,WET,0.18,20,4,0
448,22/02,Night,WET,0.4,20,4,0
449,22/02,Night,WET,0.33,20,4,0
450,23/02,Morning,NOR,0.41,20,4,0
451,23/02,Morning,NOR,0.42,20,4,0
452,23/02,Morning,NOR,0.4,20,4,0
453,23/02,Morning,NOR,0.4,20,4,0
454,23/02,Morning,NOR,0.38,20,4,0
455,23/02,Night,DRY +,0.13,22,4,0
456,23/02,Night,DRY +,0.1,22,4,0
457,23/02,Night,DRY +,0.11,22,4,0
458,23/02,Night,DRY +,0.1,22,4,0
459,23/02,Night,DRY +,0.09,22,4,0
460,24/02,Morning,DRY +,0.03,20,4,0
461,24/02,Morning,DRY +,0.02,20,4,0
462,24/02,Morning,DRY +,0.03,20,4,0
463,24/02,Morning,DRY +,0.02,20,4,0
464,24/02,Morning,DRY +,0.02,20,4,0
465,24/02,Night,DRY +,0.01,21,4,0
466,24/02,Night,DRY +,0.01,21,4,0
467,24/02,Night,DRY +,0.01,21,4,0
468,24/02,Night,DRY +,0.01,21,4,0
469,24/02,Night,DRY +,0.01,21,4,0
470,25/02,Morning,WET +,2.91,19,4,0
471,25/02,Morning,WET +,2.82,19,4,0
472,25/02,Morning,WET +,2.79,19,4,0
473,25/02,Morning,WET +,2.83,19,4,0
474,25/02,Morning,WET +,2.84,19,4,0
475,16/02,Morning,WET +,2.72,22,0,1
476,16/02,Morning,WET +,2.73,22,0,1
477,16/02,Morning,WET +,2.72,22,0,1
478,16/02,Morning,WET +,3.02,22,0,1
479,16/02,Morning,WET +,2.96,22,0,1
480,16/02,Night,WET,2.61,21,0,1
481,16/02,Night,WET,2.55,21,0,1
482,16/02,Night,WET,2.61,21,0,1
483,16/02,Night,WET,2.41,21,0,1
484,16/02,Night,WET,2.27,21,0,1
485,17/02,Morning,WET,3.02,18,0,1
486,17/02,Morning,WET,2.92,18,0,1
487,17/02,Morning,WET,3.41,18,0,1
488,17/02,Morning,WET,3.27,18,0,1
489,17/02,Morning,WET,3.07,18,0,1
490,17/02,Night,DRY +,2.54,21,0,1
491,17/02,Night,DRY +,3.09,21,0,1
492,17/02,Night,DRY +,2.69,21,0,1
493,17/02,Night,DRY +,2.8,21,0,1
494,17/02,Night,DRY +,2.74,21,0,1
495,18/02,Morning,DRY +,1.53,19,0,1
496,18/02,Morning,DRY +,1.9,19,0,1
497,18/02,Morning,DRY +,1.84,19,0,1
498,18/02,Morning,DRY +,1.64,19,0,1
499,18/02,Morning,DRY +,1.51,19,0,1
500,18/02,Night,DRY +,0.25,22,0,1
501,18/02,Night,DRY +,0.14,22,0,1
502,18/02,Night,DRY +,0.13,22,0,1
503,18/02,Night,DRY +,0.2,22,0,1
504,18/02,Night,DRY +,0.14,22,0,1
505,19/02,Morning,WET,0.97,21,0,1
506,19/02,Morning,WET,0.83,21,0,1
507,19/02,Morning,WET,0.87,21,0,1
508,19/02,Morning,WET,0.97,21,0,1
509,19/02,Morning,WET,0.99,21,0,1
510,19/02,Night,NOR,2.53,21,0,1
511,19/02,Night,NOR,2.42,21,0,1
512,19/02,Night,NOR,2.37,21,0,1
513,19/02,Night,NOR,2.33,21,0,1
514,19/02,Night,NOR,2.48,21,0,1
515,20/02,Morning,DRY,3.34,20,0,1
516,20/02,Morning,DRY,3.07,20,0,1
517,20/02,Morning,DRY,3.09,20,0,1
518,20/02,Morning,DRY,3.82,20,0,1
519,20/02,Morning,DRY,3.47,20,0,1
520,20/02,Night,DRY +,1.14,21,0,1
521,20/02,Night,DRY +,1.37,21,0,1
522,20/02,Night,DRY +,1.22,21,0,1
523,20/02,Night,DRY +,1.39,21,0,1
524,20/02,Night,DRY +,1.64,21,0,1
525,21/02,Morning,DRY +,2.85,20,0,1
526,21/02,Morning,DRY +,2.57,20,0,1
527,21/02,Morning,DRY +,1.69,20,0,1
528,21/02,Morning,DRY +,1.71,20,0,1
529,21/02,Morning,DRY +,2.64,20,0,1
530,21/02,Night,DRY +,1.95,21,0,1
531,21/02,Night,DRY +,1.82,21,0,1
532,21/02,Night,DRY +,1.55,21,0,1
533,21/02,Night,DRY +,1.8,21,0,1
534,21/02,Night,DRY +,1.57,21,0,1
535,22/02,Morning,WET +,1.37,19,0,1
536,22/02,Morning,WET +,2.68,19,0,1
537,22/02,Morning,WET +,2.4,19,0,1
538,22/02,Morning,WET +,2.17,19,0,1
539,22/02,Morning,WET +,2.31,19,0,1
540,22/02,Night,WET,2.5,21,0,1
541,22/02,Night,WET,4.67,21,0,1
542,22/02,Night,WET,3.33,21,0,1
543,22/02,Night,WET,4.2,21,0,1
544,22/02,Night,WET,4.16,21,0,1
545,23/02,Morning,NOR,4.76,20,0,1
546,23/02,Morning,NOR,4.12,20,0,1
547,23/02,Morning,NOR,4.16,20,0,1
548,23/02,Morning,NOR,4.69,20,0,1
549,23/02,Morning,NOR,4.35,20,0,1
550,23/02,Night,DRY,2.58,21,0,1
551,23/02,Night,DRY,2.21,21,0,1
552,23/02,Night,DRY,2.44,21,0,1
553,23/02,Night,DRY,2.54,21,0,1
554,23/02,Night,DRY,2.23,21,0,1
555,24/02,Morning,DRY +,1.91,19,0,1
556,24/02,Morning,DRY +,2,19,0,1
557,24/02,Morning,DRY +,1.96,19,0,1
558,24/02,Morning,DRY +,1.68,19,0,1
559,24/02,Morning,DRY +,1.8,19,0,1
560,24/02,Night,DRY +,0.6,21,0,1
561,24/02,Night,DRY +,0.54,21,0,1
562,24/02,Night,DRY +,0.92,21,0,1
563,24/02,Night,DRY +,0.7,21,0,1
564,24/02,Night,DRY +,0.65,21,0,1
565,25/02,Morning,WET +,2.26,18,0,1
566,25/02,Morning,WET +,2.27,18,0,1
567,25/02,Morning,WET +,2.23,18,0,1
568,25/02,Morning,WET +,2.31,18,0,1
569,25/02,Morning,WET +,2.27,18,0,1
570,16/02,Morning,WET +,2.72,22,1,1
571,16/02,Morning,WET +,2.73,22,1,1
572,16/02,Morning,WET +,2.72,22,1,1
573,16/02,Morning,WET +,3.02,22,1,1
574,16/02,Morning,WET +,2.96,22,1,1
575,16/02,Night,WET,2.55,21,1,1
576,16/02,Night,WET,2.13,21,1,1
577,16/02,Night,WET,2.6,21,1,1
578,16/02,Night,WET,2.56,21,1,1
579,16/02,Night,WET,2.68,21,1,1
580,17/02,Morning,WET,1.28,18,1,1
581,17/02,Morning,WET,1.25,18,1,1
582,17/02,Morning,WET,1.18,18,1,1
583,17/02,Morning,WET,1.25,18,1,1
584,17/02,Morning,WET,1.68,18,1,1
585,17/02,Night,DRY +,0.17,21,1,1
586,17/02,Night,DRY +,0.15,21,1,1
587,17/02,Night,DRY +,0.18,21,1,1
588,17/02,Night,DRY +,0.15,21,1,1
589,17/02,Night,DRY +,0.2,21,1,1
590,18/02,Morning,DRY +,0.05,19,1,1
591,18/02,Morning,DRY +,0.11,19,1,1
592,18/02,Morning,DRY +,0.11,19,1,1
593,18/02,Morning,DRY +,0.1,19,1,1
594,18/02,Morning,DRY +,0.07,19,1,1
595,18/02,Night,DRY +,0.01,22,1,1
596,18/02,Night,DRY +,0.07,22,1,1
597,18/02,Night,DRY +,0.03,22,1,1
598,18/02,Night,DRY +,0.05,22,1,1
599,18/02,Night,DRY +,0.05,22,1,1
600,19/02,Morning,WET,0.77,21,1,1
601,19/02,Morning,WET,1.1,21,1,1
602,19/02,Morning,WET,0.9,21,1,1
603,19/02,Morning,WET,1.13,21,1,1
604,19/02,Morning,WET,1.18,21,1,1
605,19/02,Night,NOR,1,21,1,1
606,19/02,Night,NOR,0.87,21,1,1
607,19/02,Night,NOR,1.05,21,1,1
608,19/02,Night,NOR,0.92,21,1,1
609,19/02,Night,NOR,0.82,21,1,1
610,20/02,Morning,DRY,0.89,20,1,1
611,20/02,Morning,DRY,0.66,20,1,1
612,20/02,Morning,DRY,0.53,20,1,1
613,20/02,Morning,DRY,0.92,20,1,1
614,20/02,Morning,DRY,0.73,20,1,1
615,20/02,Night,DRY +,0.28,21,1,1
616,20/02,Night,DRY +,0.19,21,1,1
617,20/02,Night,DRY +,0.23,21,1,1
618,20/02,Night,DRY +,0.29,21,1,1
619,20/02,Night,DRY +,0.18,21,1,1
620,21/02,Morning,DRY +,0.13,20,1,1
621,21/02,Morning,DRY +,0.12,20,1,1
622,21/02,Morning,DRY +,0.12,20,1,1
623,21/02,Morning,DRY +,0.12,20,1,1
624,21/02,Morning,DRY +,0.12,20,1,1
625,21/02,Night,DRY +,0.12,21,1,1
626,21/02,Night,DRY +,0.12,21,1,1
627,21/02,Night,DRY +,0.08,21,1,1
628,21/02,Night,DRY +,0.05,21,1,1
629,21/02,Night,DRY +,0.07,21,1,1
630,22/02,Morning,WET +,1.82,19,1,1
631,22/02,Morning,WET +,1.48,19,1,1
632,22/02,Morning,WET +,1.74,19,1,1
633,22/02,Morning,WET +,1.27,19,1,1
634,22/02,Morning,WET +,1.5,19,1,1
635,22/02,Night,WET,1.85,21,1,1
636,22/02,Night,WET,1.47,21,1,1
637,22/02,Night,WET,1.41,21,1,1
638,22/02,Night,WET,1.33,21,1,1
639,22/02,Night,WET,1.64,21,1,1
640,23/02,Morning,NOR,1.02,20,1,1
641,23/02,Morning,NOR,1.02,20,1,1
642,23/02,Morning,NOR,1,20,1,1
643,23/02,Morning,NOR,1.03,20,1,1
644,23/02,Morning,NOR,0.96,20,1,1
645,23/02,Night,DRY,0.6,21,1,1
646,23/02,Night,DRY,0.7,21,1,1
647,23/02,Night,DRY,0.84,21,1,1
648,23/02,Night,DRY,0.61,21,1,1
649,23/02,Night,DRY,0.62,21,1,1
650,24/02,Morning,DRY +,0.2,19,1,1
651,24/02,Morning,DRY +,0.24,19,1,1
652,24/02,Morning,DRY +,0.25,19,1,1
653,24/02,Morning,DRY +,0.21,19,1,1
654,24/02,Morning,DRY +,0.23,19,1,1
655,24/02,Night,DRY +,0.1,21,1,1
656,24/02,Night,DRY +,0.1,21,1,1
657,24/02,Night,DRY +,0.09,21,1,1
658,24/02,Night,DRY +,0.09,21,1,1
659,24/02,Night,DRY +,0.1,21,1,1
660,25/02,Morning,WET +,0.93,18,1,1
661,25/02,Morning,WET +,1.35,18,1,1
662,25/02,Morning,WET +,1.38,18,1,1
663,25/02,Morning,WET +,0.67,18,1,1
664,25/02,Morning,WET +,1.09,18,1,1
665,16/02,Morning,WET +,2.34,22,2,1
666,16/02,Morning,WET +,2.42,22,2,1
667,16/02,Morning,WET +,2.42,22,2,1
668,16/02,Morning,WET +,2.94,22,2,1
669,16/02,Morning,WET +,3.55,22,2,1
670,16/02,Night,WET,4.33,21,2,1
671,16/02,Night,WET,4.19,21,2,1
672,16/02,Night,WET,4.42,21,2,1
673,16/02,Night,WET,4.26,21,2,1
674,16/02,Night,WET,4.35,21,2,1
675,17/02,Morning,WET,0.76,18,2,1
676,17/02,Morning,WET,0.75,18,2,1
677,17/02,Morning,WET,0.8,18,2,1
678,17/02,Morning,WET,0.79,18,2,1
679,17/02,Morning,WET,0.93,18,2,1
680,17/02,Night,DRY +,2.12,21,2,1
681,17/02,Night,DRY +,2.35,21,2,1
682,17/02,Night,DRY +,1.77,21,2,1
683,17/02,Night,DRY +,2.45,21,2,1
684,17/02,Night,DRY +,1.92,21,2,1
685,18/02,Morning,DRY +,1.93,19,2,1
686,18/02,Morning,DRY +,2.32,19,2,1
687,18/02,Morning,DRY +,1.88,19,2,1
688,18/02,Morning,DRY +,1.84,19,2,1
689,18/02,Morning,DRY +,2.04,19,2,1
690,18/02,Night,DRY +,0.91,22,2,1
691,18/02,Night,DRY +,0.83,22,2,1
692,18/02,Night,DRY +,0.35,22,2,1
693,18/02,Night,DRY +,0.44,22,2,1
694,18/02,Night,DRY +,0.58,22,2,1
695,19/02,Morning,WET,0.88,21,2,1
696,19/02,Morning,WET,0.9,21,2,1
697,19/02,Morning,WET,0.79,21,2,1
698,19/02,Morning,WET,0.65,21,2,1
699,19/02,Morning,WET,0.91,21,2,1
700,19/02,Night,NOR,1.2,21,2,1
701,19/02,Night,NOR,1.17,21,2,1
702,19/02,Night,NOR,1.58,21,2,1
703,19/02,Night,NOR,1.3,21,2,1
704,19/02,Night,NOR,1.13,21,2,1
705,20/02,Morning,DRY,2.61,20,2,1
706,20/02,Morning,DRY,2.47,20,2,1
707,20/02,Morning,DRY,2.35,20,2,1
708,20/02,Morning,DRY,2.61,20,2,1
709,20/02,Morning,DRY,2.51,20,2,1
710,20/02,Night,DRY +,0.79,21,2,1
711,20/02,Night,DRY +,0.84,21,2,1
712,20/02,Night,DRY +,0.74,21,2,1
713,20/02,Night,DRY +,0.61,21,2,1
714,20/02,Night,DRY +,0.88,21,2,1
715,21/02,Morning,DRY +,0.98,20,2,1
716,21/02,Morning,DRY +,1.09,20,2,1
717,21/02,Morning,DRY +,1.27,20,2,1
718,21/02,Morning,DRY +,1.06,20,2,1
719,21/02,Morning,DRY +,1.69,20,2,1
720,21/02,Night,DRY +,0.87,21,2,1
721,21/02,Night,DRY +,0.74,21,2,1
722,21/02,Night,DRY +,0.74,21,2,1
723,21/02,Night,DRY +,0.78,21,2,1
724,21/02,Night,DRY +,0.7,21,2,1
725,22/02,Morning,WET +,0.95,19,2,1
726,22/02,Morning,WET +,0.83,19,2,1
727,22/02,Morning,WET +,0.98,19,2,1
728,22/02,Morning,WET +,1.41,19,2,1
729,22/02,Morning,WET +,1.31,19,2,1
730,22/02,Night,WET,1.25,21,2,1
731,22/02,Night,WET,1.11,21,2,1
732,22/02,Night,WET,1.07,21,2,1
733,22/02,Night,WET,1.48,21,2,1
734,22/02,Night,WET,1.54,21,2,1
735,23/02,Morning,NOR,1.48,20,2,1
736,23/02,Morning,NOR,1.62,20,2,1
737,23/02,Morning,NOR,1.18,20,2,1
738,23/02,Morning,NOR,1.08,20,2,1
739,23/02,Morning,NOR,1.25,20,2,1
740,23/02,Night,DRY,1.38,21,2,1
741,23/02,Night,DRY,1.29,21,2,1
742,23/02,Night,DRY,1.29,21,2,1
743,23/02,Night,DRY,1.12,21,2,1
744,23/02,Night,DRY,1.29,21,2,1
745,24/02,Morning,DRY +,0.91,19,2,1
746,24/02,Morning,DRY +,0.87,19,2,1
747,24/02,Morning,DRY +,1.29,19,2,1
748,24/02,Morning,DRY +,1.02,19,2,1
749,24/02,Morning,DRY +,1.2,19,2,1
750,24/02,Night,DRY +,0.57,21,2,1
751,24/02,Night,DRY +,0.6,21,2,1
752,24/02,Night,DRY +,0.68,21,2,1
753,24/02,Night,DRY +,0.67,21,2,1
754,24/02,Night,DRY +,0.66,21,2,1
755,25/02,Morning,WET +,1.06,18,2,1
756,25/02,Morning,WET +,0.6,18,2,1
757,25/02,Morning,WET +,0.5,18,2,1
758,25/02,Morning,WET +,1.09,18,2,1
759,25/02,Morning,WET +,0.53,18,2,1
760,16/02,Morning,WET +,2.72,22,3,1
761,16/02,Morning,WET +,3.82,22,3,1
762,16/02,Morning,WET +,2.5,22,3,1
763,16/02,Morning,WET +,3.96,22,3,1
764,16/02,Morning,WET +,2.5,22,3,1
765,16/02,Night,WET,2.25,21,3,1
766,16/02,Night,WET,3.68,21,3,1
767,16/02,Night,WET,2.2,21,3,1
768,16/02,Night,WET,2.13,21,3,1
769,16/02,Night,WET,4.18,21,3,1
770,17/02,Morning,WET,1.66,18,3,1
771,17/02,Morning,WET,1.57,18,3,1
772,17/02,Morning,WET,1.71,18,3,1
773,17/02,Morning,WET,1.67,18,3,1
774,17/02,Morning,WET,1.75,18,3,1
775,17/02,Night,DRY +,0.59,21,3,1
776,17/02,Night,DRY +,0.49,21,3,1
777,17/02,Night,DRY +,0.68,21,3,1
778,17/02,Night,DRY +,0.71,21,3,1
779,17/02,Night,DRY +,0.4,21,3,1
780,18/02,Morning,DRY +,0.21,19,3,1
781,18/02,Morning,DRY +,0.18,19,3,1
782,18/02,Morning,DRY +,0.2,19,3,1
783,18/02,Morning,DRY +,0.21,19,3,1
784,18/02,Morning,DRY +,0.19,19,3,1
785,18/02,Night,DRY +,0.02,22,3,1
786,18/02,Night,DRY +,0.03,22,3,1
787,18/02,Night,DRY +,0.03,22,3,1
788,18/02,Night,DRY +,0.05,22,3,1
789,18/02,Night,DRY +,0.07,22,3,1
790,19/02,Morning,WET,1.5,21,3,1
791,19/02,Morning,WET,1.86,21,3,1
792,19/02,Morning,WET,1.99,21,3,1
793,19/02,Morning,WET,2.02,21,3,1
794,19/02,Morning,WET,2.05,21,3,1
795,19/02,Night,NOR,3.45,21,3,1
796,19/02,Night,NOR,3.47,21,3,1
797,19/02,Night,NOR,3.5,21,3,1
798,19/02,Night,NOR,3.47,21,3,1
799,19/02,Night,NOR,3.5,21,3,1
800,20/02,Morning,DRY,2.87,20,3,1
801,20/02,Morning,DRY,2.74,20,3,1
802,20/02,Morning,DRY,2.42,20,3,1
803,20/02,Morning,DRY,2.49,20,3,1
804,20/02,Morning,DRY,3.16,20,3,1
805,20/02,Night,DRY +,0.79,21,3,1
806,20/02,Night,DRY +,0.84,21,3,1
807,20/02,Night,DRY +,0.74,21,3,1
808,20/02,Night,DRY +,0.61,21,3,1
809,20/02,Night,DRY +,0.88,21,3,1
810,21/02,Morning,DRY +,0.54,20,3,1
811,21/02,Morning,DRY +,0.6,20,3,1
812,21/02,Morning,DRY +,0.58,20,3,1
813,21/02,Morning,DRY +,0.51,20,3,1
814,21/02,Morning,DRY +,0.35,20,3,1
815,21/02,Night,DRY +,0.32,21,3,1
816,21/02,Night,DRY +,0.28,21,3,1
817,21/02,Night,DRY +,0.19,21,3,1
818,21/02,Night,DRY +,0.29,21,3,1
819,21/02,Night,DRY +,0.18,21,3,1
820,22/02,Morning,WET +,1.88,19,3,1
821,22/02,Morning,WET +,1.4,19,3,1
822,22/02,Morning,WET +,2.47,19,3,1
823,22/02,Morning,WET +,2.39,19,3,1
824,22/02,Morning,WET +,2.33,19,3,1
825,22/02,Night,WET,2.3,21,3,1
826,22/02,Night,WET,1.94,21,3,1
827,22/02,Night,WET,2.06,21,3,1
828,22/02,Night,WET,1.98,21,3,1
829,22/02,Night,WET,1.54,21,3,1
830,23/02,Morning,NOR,2.21,20,3,1
831,23/02,Morning,NOR,2.12,20,3,1
832,23/02,Morning,NOR,1.94,20,3,1
833,23/02,Morning,NOR,1.55,20,3,1
834,23/02,Morning,NOR,1.52,20,3,1
835,23/02,Night,DRY,0.67,21,3,1
836,23/02,Night,DRY,0.6,21,3,1
837,23/02,Night,DRY,0.55,21,3,1
838,23/02,Night,DRY,0.6,21,3,1
839,23/02,Night,DRY,0.64,21,3,1
840,24/02,Morning,DRY +,0.4,19,3,1
841,24/02,Morning,DRY +,0.36,19,3,1
842,24/02,Morning,DRY +,0.4,19,3,1
843,24/02,Morning,DRY +,0.36,19,3,1
844,24/02,Morning,DRY +,0.35,19,3,1
845,24/02,Night,DRY +,0.13,21,3,1
846,24/02,Night,DRY +,0.12,21,3,1
847,24/02,Night,DRY +,0.12,21,3,1
848,24/02,Night,DRY +,0.13,21,3,1
849,24/02,Night,DRY +,0.11,21,3,1
850,25/02,Morning,WET +,2.36,18,3,1
851,25/02,Morning,WET +,2.39,18,3,1
852,25/02,Morning,WET +,2.54,18,3,1
853,25/02,Morning,WET +,2.61,18,3,1
854,25/02,Morning,WET +,2.38,18,3,1
855,16/02,Morning,WET +,0.81,18,0,2
856,16/02,Morning,WET +,0.78,18,0,2
857,16/02,Morning,WET +,0.79,18,0,2
858,16/02,Morning,WET +,0.82,18,0,2
859,16/02,Morning,WET +,0.86,18,0,2
860,16/02,Night,WET,0.89,21,0,2
861,16/02,Night,WET,0.79,21,0,2
862,16/02,Night,WET,0.84,21,0,2
863,16/02,Night,WET,0.87,21,0,2
864,16/02,Night,WET,0.87,21,0,2
865,17/02,Morning,WET,1.4,20,0,2
866,17/02,Morning,WET,1.39,20,0,2
867,17/02,Morning,WET,1.39,20,0,2
868,17/02,Morning,WET,1.39,20,0,2
869,17/02,Morning,WET,1.38,20,0,2
870,17/02,Night,NOR,1.04,21,0,2
871,17/02,Night,NOR,1.04,21,0,2
872,17/02,Night,NOR,0.95,21,0,2
873,17/02,Night,NOR,1.03,21,0,2
874,17/02,Night,NOR,1,21,0,2
875,18/02,Morning,DRY,1.16,20,0,2
876,18/02,Morning,DRY,1.17,20,0,2
877,18/02,Morning,DRY,1.11,20,0,2
878,18/02,Morning,DRY,1.11,20,0,2
879,18/02,Morning,DRY,1.18,20,0,2
880,18/02,Night,DRY +,1.16,21,0,2
881,18/02,Night,DRY +,1.07,21,0,2
882,18/02,Night,DRY +,1.11,21,0,2
883,18/02,Night,DRY +,1.15,21,0,2
884,18/02,Night,DRY +,1.13,21,0,2
885,19/02,Morning,WET +,0.62,20,0,2
886,19/02,Morning,WET +,0.64,20,0,2
887,19/02,Morning,WET +,0.66,20,0,2
888,19/02,Morning,WET +,0.66,20,0,2
889,19/02,Morning,WET +,0.63,20,0,2
890,19/02,Night,WET,0.69,21,0,2
891,19/02,Night,WET,0.76,21,0,2
892,19/02,Night,WET,0.74,21,0,2
893,19/02,Night,WET,0.72,21,0,2
894,19/02,Night,WET,0.72,21,0,2
895,20/02,Morning,NOR,0.93,20,0,2
896,20/02,Morning,NOR,0.91,20,0,2
897,20/02,Morning,NOR,0.9,20,0,2
898,20/02,Morning,NOR,0.99,20,0,2
899,20/02,Morning,NOR,0.9,20,0,2
900,20/02,Night,DRY,0.99,21,0,2
901,20/02,Night,DRY,0.9,21,0,2
902,20/02,Night,DRY,0.88,21,0,2
903,20/02,Night,DRY,0.93,21,0,2
904,20/02,Night,DRY,0.91,21,0,2
905,21/02,Morning,DRY,1.12,20,0,2
906,21/02,Morning,DRY,1.13,20,0,2
907,21/02,Morning,DRY,1.02,20,0,2
908,21/02,Morning,DRY,1.08,20,0,2
909,21/02,Morning,DRY,1.1,20,0,2
910,21/02,Night,DRY+,1.16,21,0,2
911,21/02,Night,DRY+,1.15,21,0,2
912,21/02,Night,DRY+,1.14,21,0,2
913,21/02,Night,DRY+,1.15,21,0,2
914,21/02,Night,DRY+,1.16,21,0,2
915,22/02,Morning,WET +,0.67,18,0,2
916,22/02,Morning,WET +,0.7,18,0,2
917,22/02,Morning,WET +,0.65,18,0,2
918,22/02,Morning,WET +,0.55,18,0,2
919,22/02,Morning,WET +,0.81,18,0,2
920,22/02,Night,WET +,0.66,20,0,2
921,22/02,Night,WET +,0.62,20,0,2
922,22/02,Night,WET +,0.59,20,0,2
923,22/02,Night,WET +,0.66,20,0,2
924,22/02,Night,WET +,0.66,20,0,2
925,23/02,Morning,WET,0.71,19,0,2
926,23/02,Morning,WET,0.77,19,0,2
927,23/02,Morning,WET,0.66,19,0,2
928,23/02,Morning,WET,0.67,19,0,2
929,23/02,Morning,WET,0.67,19,0,2
930,23/02,Night,NOR,0.69,20,0,2
931,23/02,Night,NOR,0.67,20,0,2
932,23/02,Night,NOR,0.65,20,0,2
933,23/02,Night,NOR,0.65,20,0,2
934,23/02,Night,NOR,0.67,20,0,2
935,24/02,Morning,NOR,0.72,19,0,2
936,24/02,Morning,NOR,0.72,19,0,2
937,24/02,Morning,NOR,0.74,19,0,2
938,24/02,Morning,NOR,0.72,19,0,2
939,24/02,Morning,NOR,0.73,19,0,2
940,24/02,Night,DRY,0.76,19,0,2
941,24/02,Night,DRY,0.72,19,0,2
942,24/02,Night,DRY,0.7,19,0,2
943,24/02,Night,DRY,0.68,19,0,2
944,24/02,Night,DRY,0.7,19,0,2
945,25/02,Morning,WET +,0.68,18,0,2
946,25/02,Morning,WET +,0.67,18,0,2
947,25/02,Morning,WET +,0.69,18,0,2
948,25/02,Morning,WET +,0.7,18,0,2
949,25/02,Morning,WET +,0.72,18,0,2
950,16/02,Morning,WET +,1.01,18,1,2
951,16/02,Morning,WET +,1.08,18,1,2
952,16/02,Morning,WET +,1.2,18,1,2
953,16/02,Morning,WET +,1.24,18,1,2
954,16/02,Morning,WET +,1.25,18,1,2
955,16/02,Night,WET,1.34,21,1,2
956,16/02,Night,WET,1.36,21,1,2
957,16/02,Night,WET,1.37,21,1,2
958,16/02,Night,WET,1.36,21,1,2
959,16/02,Night,WET,1.39,21,1,2
960,17/02,Morning,WET,1.22,20,1,2
961,17/02,Morning,WET,1.18,20,1,2
962,17/02,Morning,WET,1.17,20,1,2
963,17/02,Morning,WET,1.23,20,1,2
964,17/02,Morning,WET,1.22,20,1,2
965,17/02,Night,NOR,1.17,21,1,2
966,17/02,Night,NOR,1.16,21,1,2
967,17/02,Night,NOR,1.31,21,1,2
968,17/02,Night,NOR,1.3,21,1,2
969,17/02,Night,NOR,1.3,21,1,2
970,18/02,Morning,DRY,1.16,20,1,2
971,18/02,Morning,DRY,1.14,20,1,2
972,18/02,Morning,DRY,1.16,20,1,2
973,18/02,Morning,DRY,1.28,20,1,2
974,18/02,Morning,DRY,1.32,20,1,2
975,18/02,Night,DRY +,1.11,21,1,2
976,18/02,Night,DRY +,1.25,21,1,2
977,18/02,Night,DRY +,1.23,21,1,2
978,18/02,Night,DRY +,1.2,21,1,2
979,18/02,Night,DRY +,1.11,21,1,2
980,19/02,Morning,WET +,0.95,20,1,2
981,19/02,Morning,WET +,0.97,20,1,2
982,19/02,Morning,WET +,0.91,20,1,2
983,19/02,Morning,WET +,0.91,20,1,2
984,19/02,Morning,WET +,0.92,20,1,2
985,19/02,Night,WET,0.86,21,1,2
986,19/02,Night,WET,0.87,21,1,2
987,19/02,Night,WET,0.86,21,1,2
988,19/02,Night,WET,0.87,21,1,2
989,19/02,Night,WET,0.88,21,1,2
990,20/02,Morning,NOR,0.93,20,1,2
991,20/02,Morning,NOR,0.9,20,1,2
992,20/02,Morning,NOR,1.02,20,1,2
993,20/02,Morning,NOR,0.99,20,1,2
994,20/02,Morning,NOR,0.98,20,1,2
995,20/02,Night,DRY,0.94,21,1,2
996,20/02,Night,DRY,0.71,21,1,2
997,20/02,Night,DRY,0.97,21,1,2
998,20/02,Night,DRY,0.97,21,1,2
999,20/02,Night,DRY,0.97,21,1,2
1000,21/02,Morning,DRY,1,20,1,2
1001,21/02,Morning,DRY,1.18,20,1,2
1002,21/02,Morning,DRY,1.22,20,1,2
1003,21/02,Morning,DRY,1.33,20,1,2
1004,21/02,Morning,DRY,1.29,20,1,2
1005,21/02,Night,DRY+,1.13,21,1,2
1006,21/02,Night,DRY+,1.12,21,1,2
1007,21/02,Night,DRY+,0.81,21,1,2
1008,21/02,Night,DRY+,1.12,21,1,2
1009,21/02,Night,DRY+,1.16,21,1,2
1010,22/02,Morning,WET +,0.63,18,1,2
1011,22/02,Morning,WET +,0.19,18,1,2
1012,22/02,Morning,WET +,0.6,18,1,2
1013,22/02,Morning,WET +,0.62,18,1,2
1014,22/02,Morning,WET +,0.61,18,1,2
1015,22/02,Night,WET +,0.65,20,1,2
1016,22/02,Night,WET +,0.66,20,1,2
1017,22/02,Night,WET +,0.65,20,1,2
1018,22/02,Night,WET +,0.66,20,1,2
1019,22/02,Night,WET +,0.65,20,1,2
1020,23/02,Morning,WET,0.72,19,1,2
1021,23/02,Morning,WET,0.71,19,1,2
1022,23/02,Morning,WET,0.73,19,1,2
1023,23/02,Morning,WET,0.72,19,1,2
1024,23/02,Morning,WET,0.74,19,1,2
1025,23/02,Night,NOR,0.81,20,1,2
1026,23/02,Night,NOR,0.82,20,1,2
1027,23/02,Night,NOR,0.79,20,1,2
1028,23/02,Night,NOR,0.81,20,1,2
1029,23/02,Night,NOR,0.81,20,1,2
1030,24/02,Morning,NOR,0.86,19,1,2
1031,24/02,Morning,NOR,0.85,19,1,2
1032,24/02,Morning,NOR,0.86,19,1,2
1033,24/02,Morning,NOR,0.86,19,1,2
1034,24/02,Morning,NOR,0.86,19,1,2
1035,24/02,Night,DRY,1.02,19,1,2
1036,24/02,Night,DRY,0.83,19,1,2
1037,24/02,Night,DRY,0.98,19,1,2
1038,24/02,Night,DRY,0.88,19,1,2
1039,24/02,Night,DRY,0.96,19,1,2
1040,25/02,Morning,WET +,0.81,18,1,2
1041,25/02,Morning,WET +,0.85,18,1,2
1042,25/02,Morning,WET +,0.85,18,1,2
1043,25/02,Morning,WET +,0.86,18,1,2
1044,25/02,Morning,WET +,0.3,18,1,2
1045,16/02,Morning,WET +,0.88,18,2,2
1046,16/02,Morning,WET +,0.87,18,2,2
1047,16/02,Morning,WET +,0.91,18,2,2
1048,16/02,Morning,WET +,0.89,18,2,2
1049,16/02,Morning,WET +,0.87,18,2,2
1050,16/02,Night,WET,1.03,21,2,2
1051,16/02,Night,WET,1.05,21,2,2
1052,16/02,Night,WET,1.04,21,2,2
1053,16/02,Night,WET,1.05,21,2,2
1054,16/02,Night,WET,1.04,21,2,2
1055,17/02,Morning,WET,1.14,20,2,2
1056,17/02,Morning,WET,1.15,20,2,2
1057,17/02,Morning,WET,1.15,20,2,2
1058,17/02,Morning,WET,1.14,20,2,2
1059,17/02,Morning,WET,1.14,20,2,2
1060,17/02,Night,NOR,1.37,21,2,2
1061,17/02,Night,NOR,1.41,21,2,2
1062,17/02,Night,NOR,1.39,21,2,2
1063,17/02,Night,NOR,1.35,21,2,2
1064,17/02,Night,NOR,1.4,21,2,2
1065,18/02,Morning,DRY,1.65,20,2,2
1066,18/02,Morning,DRY,1.64,20,2,2
1067,18/02,Morning,DRY,1.63,20,2,2
1068,18/02,Morning,DRY,1.64,20,2,2
1069,18/02,Morning,DRY,1.63,20,2,2
1070,18/02,Night,DRY +,1.59,21,2,2
1071,18/02,Night,DRY +,1.74,21,2,2
1072,18/02,Night,DRY +,1.66,21,2,2
1073,18/02,Night,DRY +,1.6,21,2,2
1074,18/02,Night,DRY +,1.63,21,2,2
1075,19/02,Morning,WET +,0.98,20,2,2
1076,19/02,Morning,WET +,0.99,20,2,2
1077,19/02,Morning,WET +,0.98,20,2,2
1078,19/02,Morning,WET +,1,20,2,2
1079,19/02,Morning,WET +,0.99,20,2,2
1080,19/02,Night,WET,1.03,21,2,2
1081,19/02,Night,WET,1.01,21,2,2
1082,19/02,Night,WET,1.24,21,2,2
1083,19/02,Night,WET,1.27,21,2,2
1084,19/02,Night,WET,1.26,21,2,2
1085,20/02,Morning,NOR,1.22,20,2,2
1086,20/02,Morning,NOR,1.24,20,2,2
1087,20/02,Morning,NOR,1.23,20,2,2
1088,20/02,Morning,NOR,1.21,20,2,2
1089,20/02,Morning,NOR,1.2,20,2,2
1090,20/02,Night,DRY,1.28,21,2,2
1091,20/02,Night,DRY,1.23,21,2,2
1092,20/02,Night,DRY,1.27,21,2,2
1093,20/02,Night,DRY,1.12,21,2,2
1094,20/02,Night,DRY,1.28,21,2,2
1095,21/02,Morning,DRY,1.15,20,2,2
1096,21/02,Morning,DRY,1.57,20,2,2
1097,21/02,Morning,DRY,1.61,20,2,2
1098,21/02,Morning,DRY,1.57,20,2,2
1099,21/02,Morning,DRY,1.48,20,2,2
1100,21/02,Night,DRY+,1.82,21,2,2
1101,21/02,Night,DRY+,1.66,21,2,2
1102,21/02,Night,DRY+,1.45,21,2,2
1103,21/02,Night,DRY+,1.89,21,2,2
1104,21/02,Night,DRY+,1.89,21,2,2
1105,22/02,Morning,WET +,0.52,18,2,2
1106,22/02,Morning,WET +,0.49,18,2,2
1107,22/02,Morning,WET +,0.4,18,2,2
1108,22/02,Morning,WET +,0.75,18,2,2
1109,22/02,Morning,WET +,0.73,18,2,2
1110,22/02,Night,WET +,0.74,20,2,2
1111,22/02,Night,WET +,0.83,20,2,2
1112,22/02,Night,WET +,0.93,20,2,2
1113,22/02,Night,WET +,0.82,20,2,2
1114,22/02,Night,WET +,0.51,20,2,2
1115,23/02,Morning,WET,0.69,19,2,2
1116,23/02,Morning,WET,0.7,19,2,2
1117,23/02,Morning,WET,0.69,19,2,2
1118,23/02,Morning,WET,1.25,19,2,2
1119,23/02,Morning,WET,0.69,19,2,2
1120,23/02,Night,NOR,1.45,20,2,2
1121,23/02,Night,NOR,0.69,20,2,2
1122,23/02,Night,NOR,1.47,20,2,2
1123,23/02,Night,NOR,1.45,20,2,2
1124,23/02,Night,NOR,1.46,20,2,2
1125,24/02,Morning,NOR,1.71,19,2,2
1126,24/02,Morning,NOR,1.23,19,2,2
1127,24/02,Morning,NOR,1.16,19,2,2
1128,24/02,Morning,NOR,1.29,19,2,2
1129,24/02,Morning,NOR,1.46,19,2,2
1130,24/02,Night,DRY,1.23,19,2,2
1131,24/02,Night,DRY,1.36,19,2,2
1132,24/02,Night,DRY,1.78,19,2,2
1133,24/02,Night,DRY,1.78,19,2,2
1134,24/02,Night,DRY,0.53,19,2,2
1135,25/02,Morning,WET +,0.86,18,2,2
1136,25/02,Morning,WET +,0.39,18,2,2
1137,25/02,Morning,WET +,0.67,18,2,2
1138,25/02,Morning,WET +,0.41,18,2,2
1139,25/02,Morning,WET +,0.42,18,2,2
1140,16/02,Morning,WET +,0.84,18,3,2
1141,16/02,Morning,WET +,0.84,18,3,2
1142,16/02,Morning,WET +,0.87,18,3,2
1143,16/02,Morning,WET +,0.82,18,3,2
1144,16/02,Morning,WET +,0.84,18,3,2
1145,16/02,Night,WET,0.9,21,3,2
1146,16/02,Night,WET,0.88,21,3,2
1147,16/02,Night,WET,0.9,21,3,2
1148,16/02,Night,WET,0.86,21,3,2
1149,16/02,Night,WET,0.88,21,3,2
1150,17/02,Morning,WET,0.94,20,3,2
1151,17/02,Morning,WET,0.94,20,3,2
1152,17/02,Morning,WET,0.93,20,3,2
1153,17/02,Morning,WET,0.93,20,3,2
1154,17/02,Morning,WET,0.92,20,3,2
1155,17/02,Night,NOR,1.01,21,3,2
1156,17/02,Night,NOR,1,21,3,2
1157,17/02,Night,NOR,1.01,21,3,2
1158,17/02,Night,NOR,0.99,21,3,2
1159,17/02,Night,NOR,0.99,21,3,2
1160,18/02,Morning,DRY,1.14,20,3,2
1161,18/02,Morning,DRY,1.12,20,3,2
1162,18/02,Morning,DRY,1.1,20,3,2
1163,18/02,Morning,DRY,1.11,20,3,2
1164,18/02,Morning,DRY,1.12,20,3,2
1165,18/02,Night,DRY +,1.15,21,3,2
1166,18/02,Night,DRY +,1.14,21,3,2
1167,18/02,Night,DRY +,1.15,21,3,2
1168,18/02,Night,DRY +,1.12,21,3,2
1169,18/02,Night,DRY +,1.15,21,3,2
1170,19/02,Morning,WET +,0.86,20,3,2
1171,19/02,Morning,WET +,0.9,20,3,2
1172,19/02,Morning,WET +,0.83,20,3,2
1173,19/02,Morning,WET +,0.89,20,3,2
1174,19/02,Morning,WET +,0.91,20,3,2
1175,19/02,Night,WET,0.46,21,3,2
1176,19/02,Night,WET,0.52,21,3,2
1177,19/02,Night,WET,0.87,21,3,2
1178,19/02,Night,WET,0.83,21,3,2
1179,19/02,Night,WET,0.9,21,3,2
1180,20/02,Morning,NOR,0.84,20,3,2
1181,20/02,Morning,NOR,0.86,20,3,2
1182,20/02,Morning,NOR,0.84,20,3,2
1183,20/02,Morning,NOR,0.86,20,3,2
1184,20/02,Morning,NOR,0.84,20,3,2
1185,20/02,Night,DRY,0.96,21,3,2
1186,20/02,Night,DRY,0.54,21,3,2
1187,20/02,Night,DRY,0.71,21,3,2
1188,20/02,Night,DRY,0.59,21,3,2
1189,20/02,Night,DRY,0.7,21,3,2
1190,21/02,Morning,DRY,1.03,20,3,2
1191,21/02,Morning,DRY,0.87,20,3,2
1192,21/02,Morning,DRY,0.86,20,3,2
1193,21/02,Morning,DRY,0.85,20,3,2
1194,21/02,Morning,DRY,0.83,20,3,2
1195,21/02,Night,DRY+,1.03,21,3,2
1196,21/02,Night,DRY+,1.08,21,3,2
1197,21/02,Night,DRY+,1.07,21,3,2
1198,21/02,Night,DRY+,1.07,21,3,2
1199,21/02,Night,DRY+,0.99,21,3,2
1200,22/02,Morning,WET +,0.74,18,3,2
1201,22/02,Morning,WET +,0.83,18,3,2
1202,22/02,Morning,WET +,0.81,18,3,2
1203,22/02,Morning,WET +,0.76,18,3,2
1204,22/02,Morning,WET +,0.44,18,3,2
1205,22/02,Night,WET +,0.88,20,3,2
1206,22/02,Night,WET +,0.9,20,3,2
1207,22/02,Night,WET +,0.77,20,3,2
1208,22/02,Night,WET +,1.06,20,3,2
1209,22/02,Night,WET +,0.8,20,3,2
1210,23/02,Morning,WET,0.78,19,3,2
1211,23/02,Morning,WET,0.79,19,3,2
1212,23/02,Morning,WET,0.78,19,3,2
1213,23/02,Morning,WET,1.15,19,3,2
1214,23/02,Morning,WET,0.77,19,3,2
1215,23/02,Night,NOR,0.99,20,3,2
1216,23/02,Night,NOR,1.06,20,3,2
1217,23/02,Night,NOR,1.01,20,3,2
1218,23/02,Night,NOR,1.06,20,3,2
1219,23/02,Night,NOR,0.99,20,3,2
1220,24/02,Morning,NOR,0.49,19,3,2
1221,24/02,Morning,NOR,0.82,19,3,2
1222,24/02,Morning,NOR,0.5,19,3,2
1223,24/02,Morning,NOR,0.47,19,3,2
1224,24/02,Morning,NOR,0.86,19,3,2
1225,24/02,Night,DRY,0.62,19,3,2
1226,24/02,Night,DRY,0.91,19,3,2
1227,24/02,Night,DRY,0.92,19,3,2
1228,24/02,Night,DRY,0.89,19,3,2
1229,24/02,Night,DRY,0.88,19,3,2
1230,25/02,Morning,WET +,0.77,18,3,2
1231,25/02,Morning,WET +,0.76,18,3,2
1232,25/02,Morning,WET +,0.42,18,3,2
1233,25/02,Morning,WET +,0.76,18,3,2
1234,25/02,Morning,WET +,0.79,18,3,2
1235,16/02,Morning,WET +,1.17,17,0,3
1236,16/02,Morning,WET +,1.2,17,0,3
1237,16/02,Morning,WET +,1.2,17,0,3
1238,16/02,Morning,WET +,1.18,17,0,3
1239,16/02,Morning,WET +,1.2,17,0,3
1240,16/02,Night,WET,1.32,20,0,3
1241,16/02,Night,WET,1.3,20,0,3
1242,16/02,Night,WET,1.31,20,0,3
1243,16/02,Night,WET,1.3,20,0,3
1244,16/02,Night,WET,1.29,20,0,3
1245,17/02,Morning,WET,1.4,19,0,3
1246,17/02,Morning,WET,1.39,19,0,3
1247,17/02,Morning,WET,1.39,19,0,3
1248,17/02,Morning,WET,1.39,19,0,3
1249,17/02,Morning,WET,1.38,19,0,3
1250,17/02,Night,NOR,1.62,21,0,3
1251,17/02,Night,NOR,1.62,21,0,3
1252,17/02,Night,NOR,1.69,21,0,3
1253,17/02,Night,NOR,1.73,21,0,3
1254,17/02,Night,NOR,1.73,21,0,3
1255,18/02,Morning,DRY,1.66,19,0,3
1256,18/02,Morning,DRY,1.67,19,0,3
1257,18/02,Morning,DRY,1.69,19,0,3
1258,18/02,Morning,DRY,1.67,19,0,3
1259,18/02,Morning,DRY,1.7,19,0,3
1260,18/02,Night,DRY +,1.54,21,0,3
1261,18/02,Night,DRY +,1.52,21,0,3
1262,18/02,Night,DRY +,1.56,21,0,3
1263,18/02,Night,DRY +,1.54,21,0,3
1264,18/02,Night,DRY +,1.61,21,0,3
1265,19/02,Morning,WET +,1.13,20,0,3
1266,19/02,Morning,WET +,1.13,20,0,3
1267,19/02,Morning,WET +,1.09,20,0,3
1268,19/02,Morning,WET +,1.08,20,0,3
1269,19/02,Morning,WET +,1.12,20,0,3
1270,19/02,Night,WET,0.95,21,0,3
1271,19/02,Night,WET,0.89,21,0,3
1272,19/02,Night,WET,0.87,21,0,3
1273,19/02,Night,WET,0.85,21,0,3
1274,19/02,Night,WET,0.84,21,0,3
1275,20/02,Morning,NOR,0.79,20,0,3
1276,20/02,Morning,NOR,0.78,20,0,3
1277,20/02,Morning,NOR,1.07,20,0,3
1278,20/02,Morning,NOR,1.09,20,0,3
1279,20/02,Morning,NOR,1.1,20,0,3
1280,20/02,Night,DRY,1.33,21,0,3
1281,20/02,Night,DRY,1.36,21,0,3
1282,20/02,Night,DRY,1.34,21,0,3
1283,20/02,Night,DRY,1.35,21,0,3
1284,20/02,Night,DRY,1.32,21,0,3
1285,21/02,Morning,DRY,1.57,20,0,3
1286,21/02,Morning,DRY,1.52,20,0,3
1287,21/02,Morning,DRY,1.5,20,0,3
1288,21/02,Morning,DRY,1.53,20,0,3
1289,21/02,Morning,DRY,1.52,20,0,3
1290,21/02,Night,DRY+,1.29,21,0,3
1291,21/02,Night,DRY+,1.23,21,0,3
1292,21/02,Night,DRY+,1.73,21,0,3
1293,21/02,Night,DRY+,1.75,21,0,3
1294,21/02,Night,DRY+,1.74,21,0,3
1295,22/02,Morning,WET +,0.94,19,0,3
1296,22/02,Morning,WET +,0.88,19,0,3
1297,22/02,Morning,WET +,0.89,19,0,3
1298,22/02,Morning,WET +,0.82,19,0,3
1299,22/02,Morning,WET +,0.55,19,0,3
1300,22/02,Night,WET +,1.28,21,0,3
1301,22/02,Night,WET +,1.29,21,0,3
1302,22/02,Night,WET +,1.31,21,0,3
1303,22/02,Night,WET +,1.3,21,0,3
1304,22/02,Night,WET +,1.29,21,0,3
1305,23/02,Morning,WET,1.25,20,0,3
1306,23/02,Morning,WET,1.22,20,0,3
1307,23/02,Morning,WET,1.23,20,0,3
1308,23/02,Morning,WET,1.13,20,0,3
1309,23/02,Morning,WET,1.25,20,0,3
1310,23/02,Night,NOR,1.26,21,0,3
1311,23/02,Night,NOR,1.26,21,0,3
1312,23/02,Night,NOR,1.27,21,0,3
1313,23/02,Night,NOR,1.28,21,0,3
1314,23/02,Night,NOR,1.26,21,0,3
1315,24/02,Morning,NOR,1.38,18,0,3
1316,24/02,Morning,NOR,1.38,18,0,3
1317,24/02,Morning,NOR,1.39,18,0,3
1318,24/02,Morning,NOR,1.38,18,0,3
1319,24/02,Morning,NOR,1.38,18,0,3
1320,24/02,Night,DRY,1.47,19,0,3
1321,24/02,Night,DRY,1.45,19,0,3
1322,24/02,Night,DRY,1.16,19,0,3
1323,24/02,Night,DRY,1.46,19,0,3
1324,24/02,Night,DRY,1.45,19,0,3
1325,25/02,Morning,WET +,0.99,18,0,3
1326,25/02,Morning,WET +,1,18,0,3
1327,25/02,Morning,WET +,0.99,18,0,3
1328,25/02,Morning,WET +,0.98,18,0,3
1329,25/02,Morning,WET +,1,18,0,3
1330,16/02,Morning,WET +,1.08,17,1,3
1331,16/02,Morning,WET +,1.11,17,1,3
1332,16/02,Morning,WET +,1.13,17,1,3
1333,16/02,Morning,WET +,1.04,17,1,3
1334,16/02,Morning,WET +,1.01,17,1,3
1335,16/02,Night,WET,0.55,20,1,3
1336,16/02,Night,WET,0.51,20,1,3
1337,16/02,Night,WET,0.51,20,1,3
1338,16/02,Night,WET,1.09,20,1,3
1339,16/02,Night,WET,1.11,20,1,3
1340,17/02,Morning,WET,0.53,19,1,3
1341,17/02,Morning,WET,0.54,19,1,3
1342,17/02,Morning,WET,0.46,19,1,3
1343,17/02,Morning,WET,0.49,19,1,3
1344,17/02,Morning,WET,0.59,19,1,3
1345,17/02,Night,NOR,0.61,21,1,3
1346,17/02,Night,NOR,0.59,21,1,3
1347,17/02,Night,NOR,0.62,21,1,3
1348,17/02,Night,NOR,0.65,21,1,3
1349,17/02,Night,NOR,0.92,21,1,3
1350,18/02,Morning,DRY,0.83,19,1,3
1351,18/02,Morning,DRY,0.81,19,1,3
1352,18/02,Morning,DRY,0.82,19,1,3
1353,18/02,Morning,DRY,0.84,19,1,3
1354,18/02,Morning,DRY,0.85,19,1,3
1355,18/02,Night,DRY +,0.72,21,1,3
1356,18/02,Night,DRY +,0.54,21,1,3
1357,18/02,Night,DRY +,0.69,21,1,3
1358,18/02,Night,DRY +,0.64,21,1,3
1359,18/02,Night,DRY +,0.6,21,1,3
1360,19/02,Morning,WET +,0.54,20,1,3
1361,19/02,Morning,WET +,0.55,20,1,3
1362,19/02,Morning,WET +,0.67,20,1,3
1363,19/02,Morning,WET +,0.46,20,1,3
1364,19/02,Morning,WET +,0.6,20,1,3
1365,19/02,Night,WET,0.92,21,1,3
1366,19/02,Night,WET,0.7,21,1,3
1367,19/02,Night,WET,0.91,21,1,3
1368,19/02,Night,WET,0.68,21,1,3
1369,19/02,Night,WET,0.63,21,1,3
1370,20/02,Morning,NOR,0.83,20,1,3
1371,20/02,Morning,NOR,0.77,20,1,3
1372,20/02,Morning,NOR,0.75,20,1,3
1373,20/02,Morning,NOR,0.78,20,1,3
1374,20/02,Morning,NOR,0.77,20,1,3
1375,20/02,Night,DRY,0.75,21,1,3
1376,20/02,Night,DRY,0.65,21,1,3
1377,20/02,Night,DRY,0.6,21,1,3
1378,20/02,Night,DRY,0.86,21,1,3
1379,20/02,Night,DRY,0.61,21,1,3
1380,21/02,Morning,DRY,0.61,20,1,3
1381,21/02,Morning,DRY,0.55,20,1,3
1382,21/02,Morning,DRY,0.83,20,1,3
1383,21/02,Morning,DRY,0.67,20,1,3
1384,21/02,Morning,DRY,0.53,20,1,3
1385,21/02,Night,DRY+,0.6,21,1,3
1386,21/02,Night,DRY+,0.55,21,1,3
1387,21/02,Night,DRY+,0.54,21,1,3
1388,21/02,Night,DRY+,0.34,21,1,3
1389,21/02,Night,DRY+,0.4,21,1,3
1390,22/02,Morning,WET +,0.33,19,1,3
1391,22/02,Morning,WET +,0.61,19,1,3
1392,22/02,Morning,WET +,0.67,19,1,3
1393,22/02,Morning,WET +,0.73,19,1,3
1394,22/02,Morning,WET +,0.74,19,1,3
1395,22/02,Night,WET +,0.95,21,1,3
1396,22/02,Night,WET +,0.73,21,1,3
1397,22/02,Night,WET +,0.42,21,1,3
1398,22/02,Night,WET +,0.85,21,1,3
1399,22/02,Night,WET +,0.71,21,1,3
1400,23/02,Morning,WET,0.96,20,1,3
1401,23/02,Morning,WET,0.99,20,1,3
1402,23/02,Morning,WET,1.01,20,1,3
1403,23/02,Morning,WET,1.06,20,1,3
1404,23/02,Morning,WET,1.02,20,1,3
1405,23/02,Night,NOR,0.52,21,1,3
1406,23/02,Night,NOR,0.24,21,1,3
1407,23/02,Night,NOR,0.51,21,1,3
1408,23/02,Night,NOR,0.53,21,1,3
1409,23/02,Night,NOR,0.56,21,1,3
1410,24/02,Morning,NOR,0.93,18,1,3
1411,24/02,Morning,NOR,1.07,18,1,3
1412,24/02,Morning,NOR,1.09,18,1,3
1413,24/02,Morning,NOR,1.08,18,1,3
1414,24/02,Morning,NOR,1.09,18,1,3
1415,24/02,Night,DRY,0.8,19,1,3
1416,24/02,Night,DRY,0.74,19,1,3
1417,24/02,Night,DRY,0.75,19,1,3
1418,24/02,Night,DRY,1.12,19,1,3
1419,24/02,Night,DRY,0.77,19,1,3
1420,25/02,Morning,WET +,0.92,18,1,3
1421,25/02,Morning,WET +,0.94,18,1,3
1422,25/02,Morning,WET +,0.95,18,1,3
1423,25/02,Morning,WET +,0.79,18,1,3
1424,25/02,Morning,WET +,0.9,18,1,3
1425,16/02,Morning,WET +,1.12,17,2,3
1426,16/02,Morning,WET +,1.17,17,2,3
1427,16/02,Morning,WET +,1.15,17,2,3
1428,16/02,Morning,WET +,1.16,17,2,3
1429,16/02,Morning,WET +,1.09,17,2,3
1430,16/02,Night,WET,0.74,20,2,3
1431,16/02,Night,WET,0.72,20,2,3
1432,16/02,Night,WET,0.72,20,2,3
1433,16/02,Night,WET,0.68,20,2,3
1434,16/02,Night,WET,0.67,20,2,3
1435,17/02,Morning,WET,1.15,19,2,3
1436,17/02,Morning,WET,1.18,19,2,3
1437,17/02,Morning,WET,1.15,19,2,3
1438,17/02,Morning,WET,1.16,19,2,3
1439,17/02,Morning,WET,1.15,19,2,3
1440,17/02,Night,NOR,1.32,21,2,3
1441,17/02,Night,NOR,1.4,21,2,3
1442,17/02,Night,NOR,1.28,21,2,3
1443,17/02,Night,NOR,1.25,21,2,3
1444,17/02,Night,NOR,1.41,21,2,3
1445,18/02,Morning,DRY,0.93,19,2,3
1446,18/02,Morning,DRY,0.96,19,2,3
1447,18/02,Morning,DRY,0.89,19,2,3
1448,18/02,Morning,DRY,1.43,19,2,3
1449,18/02,Morning,DRY,1.41,19,2,3
1450,18/02,Night,DRY +,0.86,21,2,3
1451,18/02,Night,DRY +,0.82,21,2,3
1452,18/02,Night,DRY +,0.81,21,2,3
1453,18/02,Night,DRY +,0.81,21,2,3
1454,18/02,Night,DRY +,0.79,21,2,3
1455,19/02,Morning,WET +,0.7,20,2,3
1456,19/02,Morning,WET +,1.01,20,2,3
1457,19/02,Morning,WET +,0.76,20,2,3
1458,19/02,Morning,WET +,0.66,20,2,3
1459,19/02,Morning,WET +,0.64,20,2,3
1460,19/02,Night,WET,0.67,21,2,3
1461,19/02,Night,WET,1.09,21,2,3
1462,19/02,Night,WET,1.08,21,2,3
1463,19/02,Night,WET,1.06,21,2,3
1464,19/02,Night,WET,1.05,21,2,3
1465,20/02,Morning,NOR,1.07,20,2,3
1466,20/02,Morning,NOR,1.05,20,2,3
1467,20/02,Morning,NOR,0.72,20,2,3
1468,20/02,Morning,NOR,0.78,20,2,3
1469,20/02,Morning,NOR,1.07,20,2,3
1470,20/02,Night,DRY,0.74,21,2,3
1471,20/02,Night,DRY,0.74,21,2,3
1472,20/02,Night,DRY,1.09,21,2,3
1473,20/02,Night,DRY,0.77,21,2,3
1474,20/02,Night,DRY,1.13,21,2,3
1475,21/02,Morning,DRY,1.02,20,2,3
1476,21/02,Morning,DRY,0.97,20,2,3
1477,21/02,Morning,DRY,0.97,20,2,3
1478,21/02,Morning,DRY,0.95,20,2,3
1479,21/02,Morning,DRY,1.41,20,2,3
1480,21/02,Night,DRY+,1.05,21,2,3
1481,21/02,Night,DRY+,1.04,21,2,3
1482,21/02,Night,DRY+,1.02,21,2,3
1483,21/02,Night,DRY+,0.98,21,2,3
1484,21/02,Night,DRY+,1.35,21,2,3
1485,22/02,Morning,WET +,0.49,19,2,3
1486,22/02,Morning,WET +,0.5,19,2,3
1487,22/02,Morning,WET +,0.51,19,2,3
1488,22/02,Morning,WET +,0.5,19,2,3
1489,22/02,Morning,WET +,0.5,19,2,3
1490,22/02,Night,WET +,0.56,21,2,3
1491,22/02,Night,WET +,0.97,21,2,3
1492,22/02,Night,WET +,0.61,21,2,3
1493,22/02,Night,WET +,0.56,21,2,3
1494,22/02,Night,WET +,0.57,21,2,3
1495,23/02,Morning,WET,0.54,20,2,3
1496,23/02,Morning,WET,0.55,20,2,3
1497,23/02,Morning,WET,1,20,2,3
1498,23/02,Morning,WET,0.97,20,2,3
1499,23/02,Morning,WET,1,20,2,3
1500,23/02,Night,NOR,0.97,21,2,3
1501,23/02,Night,NOR,0.7,21,2,3
1502,23/02,Night,NOR,0.62,21,2,3
1503,23/02,Night,NOR,1.06,21,2,3
1504,23/02,Night,NOR,0.65,21,2,3
1505,24/02,Morning,NOR,0.54,18,2,3
1506,24/02,Morning,NOR,0.54,18,2,3
1507,24/02,Morning,NOR,0.55,18,2,3
1508,24/02,Morning,NOR,0.5,18,2,3
1509,24/02,Morning,NOR,0.51,18,2,3
1510,24/02,Night,DRY,0.95,19,2,3
1511,24/02,Night,DRY,0.62,19,2,3
1512,24/02,Night,DRY,0.68,19,2,3
1513,24/02,Night,DRY,0.95,19,2,3
1514,24/02,Night,DRY,1.01,19,2,3
1515,25/02,Morning,WET +,0.99,18,2,3
1516,25/02,Morning,WET +,1,18,2,3
1517,25/02,Morning,WET +,0.99,18,2,3
1518,25/02,Morning,WET +,0.98,18,2,3
1519,25/02,Morning,WET +,1,18,2,3
1520,16/02,Morning,WET +,0.92,17,3,3
1521,16/02,Morning,WET +,0.91,17,3,3
1522,16/02,Morning,WET +,0.96,17,3,3
1523,16/02,Morning,WET +,1,17,3,3
1524,16/02,Morning,WET +,1.02,17,3,3
1525,16/02,Night,WET,0.86,20,3,3
1526,16/02,Night,WET,0.87,20,3,3
1527,16/02,Night,WET,0.89,20,3,3
1528,16/02,Night,WET,0.88,20,3,3
1529,16/02,Night,WET,0.84,20,3,3
1530,17/02,Morning,WET,0.76,19,3,3
1531,17/02,Morning,WET,0.75,19,3,3
1532,17/02,Morning,WET,0.8,19,3,3
1533,17/02,Morning,WET,0.79,19,3,3
1534,17/02,Morning,WET,0.93,19,3,3
1535,17/02,Night,NOR,1,21,3,3
1536,17/02,Night,NOR,1.12,21,3,3
1537,17/02,Night,NOR,1.33,21,3,3
1538,17/02,Night,NOR,1.33,21,3,3
1539,17/02,Night,NOR,1.16,21,3,3
1540,18/02,Morning,DRY,1.11,19,3,3
1541,18/02,Morning,DRY,1.09,19,3,3
1542,18/02,Morning,DRY,1.08,19,3,3
1543,18/02,Morning,DRY,1.09,19,3,3
1544,18/02,Morning,DRY,1.14,19,3,3
1545,18/02,Night,DRY +,1.12,21,3,3
1546,18/02,Night,DRY +,1.22,21,3,3
1547,18/02,Night,DRY +,1.22,21,3,3
1548,18/02,Night,DRY +,1.31,21,3,3
1549,18/02,Night,DRY +,0.77,21,3,3
1550,19/02,Morning,WET +,0.59,20,3,3
1551,19/02,Morning,WET +,0.58,20,3,3
1552,19/02,Morning,WET +,0.57,20,3,3
1553,19/02,Morning,WET +,0.58,20,3,3
1554,19/02,Morning,WET +,0.59,20,3,3
1555,19/02,Night,WET,0.56,21,3,3
1556,19/02,Night,WET,0.62,21,3,3
1557,19/02,Night,WET,0.6,21,3,3
1558,19/02,Night,WET,0.58,21,3,3
1559,19/02,Night,WET,0.6,21,3,3
1560,20/02,Morning,NOR,0.68,20,3,3
1561,20/02,Morning,NOR,0.7,20,3,3
1562,20/02,Morning,NOR,0.72,20,3,3
1563,20/02,Morning,NOR,0.75,20,3,3
1564,20/02,Morning,NOR,0.83,20,3,3
1565,20/02,Night,DRY,0.7,21,3,3
1566,20/02,Night,DRY,0.63,21,3,3
1567,20/02,Night,DRY,0.71,21,3,3
1568,20/02,Night,DRY,0.67,21,3,3
1569,20/02,Night,DRY,0.68,21,3,3
1570,21/02,Morning,DRY,0.85,20,3,3
1571,21/02,Morning,DRY,0.78,20,3,3
1572,21/02,Morning,DRY,0.79,20,3,3
1573,21/02,Morning,DRY,0.75,20,3,3
1574,21/02,Morning,DRY,0.9,20,3,3
1575,21/02,Night,DRY+,0.88,21,3,3
1576,21/02,Night,DRY+,0.85,21,3,3
1577,21/02,Night,DRY+,0.88,21,3,3
1578,21/02,Night,DRY+,0.93,21,3,3
1579,21/02,Night,DRY+,0.9,21,3,3
1580,22/02,Morning,WET +,0.6,19,3,3
1581,22/02,Morning,WET +,0.6,19,3,3
1582,22/02,Morning,WET +,0.59,19,3,3
1583,22/02,Morning,WET +,0.63,19,3,3
1584,22/02,Morning,WET +,0.61,19,3,3
1585,22/02,Night,WET +,0.6,21,3,3
1586,22/02,Night,WET +,0.6,21,3,3
1587,22/02,Night,WET +,0.57,21,3,3
1588,22/02,Night,WET +,0.58,21,3,3
1589,22/02,Night,WET +,0.58,21,3,3
1590,23/02,Morning,WET,0.86,20,3,3
1591,23/02,Morning,WET,0.88,20,3,3
1592,23/02,Morning,WET,0.86,20,3,3
1593,23/02,Morning,WET,0.84,20,3,3
1594,23/02,Morning,WET,0.42,20,3,3
1595,23/02,Night,NOR,0.42,21,3,3
1596,23/02,Night,NOR,0.37,21,3,3
1597,23/02,Night,NOR,0.37,21,3,3
1598,23/02,Night,NOR,0.36,21,3,3
1599,23/02,Night,NOR,0.35,21,3,3
1600,24/02,Morning,NOR,0.57,18,3,3
1601,24/02,Morning,NOR,0.43,18,3,3
1602,24/02,Morning,NOR,0.61,18,3,3
1603,24/02,Morning,NOR,0.42,18,3,3
1604,24/02,Morning,NOR,0.63,18,3,3
1605,24/02,Night,DRY,0.54,19,3,3
1606,24/02,Night,DRY,0.4,19,3,3
1607,24/02,Night,DRY,0.35,19,3,3
1608,24/02,Night,DRY,0.15,19,3,3
1609,24/02,Night,DRY,0.46,19,3,3
1610,25/02,Morning,WET +,0.32,18,3,3
1611,25/02,Morning,WET +,0.33,18,3,3
1612,25/02,Morning,WET +,0.32,18,3,3
1613,25/02,Morning,WET +,0.3,18,3,3
1614,25/02,Morning,WET +,0.31,18,3,3
1615,16/02,Morning,WET +,1.45,17,4,3
1616,16/02,Morning,WET +,1.2,17,4,3
1617,16/02,Morning,WET +,1.2,17,4,3
1618,16/02,Morning,WET +,1.18,17,4,3
1619,16/02,Morning,WET +,1.2,17,4,3
1620,16/02,Night,WET,1.07,20,4,3
1621,16/02,Night,WET,1.29,20,4,3
1622,16/02,Night,WET,1.31,20,4,3
1623,16/02,Night,WET,1.34,20,4,3
1624,16/02,Night,WET,1.35,20,4,3
1625,17/02,Morning,WET,1.14,19,4,3
1626,17/02,Morning,WET,1.14,19,4,3
1627,17/02,Morning,WET,1.15,19,4,3
1628,17/02,Morning,WET,1.16,19,4,3
1629,17/02,Morning,WET,1.18,19,4,3
1630,17/02,Night,NOR,1.29,21,4,3
1631,17/02,Night,NOR,1.38,21,4,3
1632,17/02,Night,NOR,1.34,21,4,3
1633,17/02,Night,NOR,1.33,21,4,3
1634,17/02,Night,NOR,1.4,21,4,3
1635,18/02,Morning,DRY,1.36,19,4,3
1636,18/02,Morning,DRY,1.32,19,4,3
1637,18/02,Morning,DRY,1.31,19,4,3
1638,18/02,Morning,DRY,1.3,19,4,3
1639,18/02,Morning,DRY,1.3,19,4,3
1640,18/02,Night,DRY +,1.43,21,4,3
1641,18/02,Night,DRY +,1.66,21,4,3
1642,18/02,Night,DRY +,1.66,21,4,3
1643,18/02,Night,DRY +,1.57,21,4,3
1644,18/02,Night,DRY +,1.58,21,4,3
1645,19/02,Morning,WET +,0.86,20,4,3
1646,19/02,Morning,WET +,0.85,20,4,3
1647,19/02,Morning,WET +,0.84,20,4,3
1648,19/02,Morning,WET +,0.84,20,4,3
1649,19/02,Morning,WET +,0.84,20,4,3
1650,19/02,Night,WET,0.78,21,4,3
1651,19/02,Night,WET,1.06,21,4,3
1652,19/02,Night,WET,1.06,21,4,3
1653,19/02,Night,WET,1.04,21,4,3
1654,19/02,Night,WET,1.06,21,4,3
1655,20/02,Morning,NOR,0.91,20,4,3
1656,20/02,Morning,NOR,0.86,20,4,3
1657,20/02,Morning,NOR,0.88,20,4,3
1658,20/02,Morning,NOR,0.85,20,4,3
1659,20/02,Morning,NOR,0.887,20,4,3
1660,20/02,Night,DRY,1,21,4,3
1661,20/02,Night,DRY,0.99,21,4,3
1662,20/02,Night,DRY,0.98,21,4,3
1663,20/02,Night,DRY,0.97,21,4,3
1664,20/02,Night,DRY,0.98,21,4,3
1665,21/02,Morning,DRY,0.99,20,4,3
1666,21/02,Morning,DRY,0.97,20,4,3
1667,21/02,Morning,DRY,0.94,20,4,3
1668,21/02,Morning,DRY,0.97,20,4,3
1669,21/02,Morning,DRY,0.97,20,4,3
1670,21/02,Night,DRY+,1.23,21,4,3
1671,21/02,Night,DRY+,1.23,21,4,3
1672,21/02,Night,DRY+,1.23,21,4,3
1673,21/02,Night,DRY+,1.21,21,4,3
1674,21/02,Night,DRY+,1.06,21,4,3
1675,22/02,Morning,WET +,1.03,19,4,3
1676,22/02,Morning,WET +,0.99,19,4,3
1677,22/02,Morning,WET +,0.91,19,4,3
1678,22/02,Morning,WET +,0.62,19,4,3
1679,22/02,Morning,WET +,0.62,19,4,3
1680,22/02,Night,WET +,0.96,21,4,3
1681,22/02,Night,WET +,1.02,21,4,3
1682,22/02,Night,WET +,1.02,21,4,3
1683,22/02,Night,WET +,0.95,21,4,3
1684,22/02,Night,WET +,0.93,21,4,3
1685,23/02,Morning,WET,0.72,20,4,3
1686,23/02,Morning,WET,0.69,20,4,3
1687,23/02,Morning,WET,0.68,20,4,3
1688,23/02,Morning,WET,0.67,20,4,3
1689,23/02,Morning,WET,0.67,20,4,3
1690,23/02,Night,NOR,0.99,21,4,3
1691,23/02,Night,NOR,1.1,21,4,3
1692,23/02,Night,NOR,0.98,21,4,3
1693,23/02,Night,NOR,1.2,21,4,3
1694,23/02,Night,NOR,1.2,21,4,3
1695,24/02,Morning,NOR,1.07,18,4,3
1696,24/02,Morning,NOR,1.27,18,4,3
1697,24/02,Morning,NOR,1.25,18,4,3
1698,24/02,Morning,NOR,1.2,18,4,3
1699,24/02,Morning,NOR,1.25,18,4,3
1700,24/02,Night,DRY,1.18,19,4,3
1701,24/02,Night,DRY,1.18,19,4,3
1702,24/02,Night,DRY,1.17,19,4,3
1703,24/02,Night,DRY,1.16,19,4,3
1704,24/02,Night,DRY,1.16,19,4,3
1705,25/02,Morning,WET +,0.85,18,4,3
1706,25/02,Morning,WET +,0.85,18,4,3
1707,25/02,Morning,WET +,0.83,18,4,3
1708,25/02,Morning,WET +,0.8,18,4,3
1709,25/02,Morning,WET +,0.84,18,4,3
